"title","url","image","type","priority","home","home_image","lat","lon"
"Accio Escolta de Catalunya","https://decidim.accioescolta.cat","/uploads/logo_accioescolta.png","org","50","","","",""
"Assemblea Catalana per la Transició Ecosocial","https://decidim.assembleaecosocial.cat/","/uploads/logo_acte.png","org","50","","","",""
"Administració Oberta de Catalunya","https://www.aoc.cat/en/blog/2022/disponible-el-nou-servei-decidim-catalunya/","/uploads/logo_aoc.png","org","50","","","",""
"Santa Maria de Palautordera","https://participa311-palau.diba.cat/","/uploads/logo_palautordera.png","city","50","","","",""
"AFA Escola Àngels Garriga","https://participa.angelsgarriga.net/","/uploads/logo_afa_angelsgarriga.png","org","50","","","",""
"AFA Reina Violant","https://participa.afareinaviolant.org/","/uploads/logo_afa_reinaviolant.jpeg","org","50","","","",""
"Agence landaise pour l'informatique ","https://web.archive.org/web/20240418233555/https://participez.alpi40.fr/","/uploads/logo_alpi.jpeg","org","50","","","",""
"Agence Nationale de la Cohesion des Territoires","https://web.archive.org/web/20230609144109/https://mon.incubateur.anct.gouv.fr/","/uploads/logo_anct.svg","region","50","false","","",""
"Agenzia Mobilita Piemontese","https://ampartecipa.mtm.torino.it/","/uploads/logo_amp.png","org","50","","","",""
"Agora SSO - Code for France","https://web.archive.org/web/20230507145906/https://agorasso.codefor.fr/","/uploads/logo_agorasso.png","org","50","","","",""
"Agora","https://participa.edaverneda.org/","/uploads/logo_agora.jpg","org","50","","","",""
"AiCT","https://aict.makeour.city/","/uploads/logo_aict.jpg","org","50","","","",""
"Aide et Action","https://web.archive.org/web/20220124141920/https://participation.aide-et-action.org/","/uploads/logo_aide_et_action.jpg","org","50","","","",""
"Ajuntament de Galdakao","https://erabaki.galdakao.eus/","/uploads/image-1-.png","city","50","","","43.2318264","-2.8452641"
"Ajuntament de Guissona","https://web.archive.org/web/20220412194458/https://decidim.guissona.cat/","/uploads/logo_aj_guissona.jpg","city","50","","","",""
"Ajuntament de l'Ampolla","https://ampolla.decidimcatalunya.cat/","/uploads/logo_aj_ampolla.png","city","50","","","40.8295437","0.699475"
"Ajuntament de Premià de Mar","https://participa311-premiademar.diba.cat/","/uploads/logo_premiademar.jpg","city","50","","","",""
"Ajuntament de Sencelles","https://decidim.sencelles.cat/","/uploads/logo_aj_sencelles.jpg","city","50","","","39.6468979","2.8978663"
"Ajuntament de Tolosa","https://erabaki.tolosa.eus/","/uploads/images.png","city","50","","","43.1385028","-2.072656"
"Ajuntament de Vilalba dels Arcs","https://vilalbadelsarcs.decidimcatalunya.cat/","/uploads/logo_aj_vilalbadelsarcs.png","city","50","","","41.1173865","1.0411404"
"Alella","https://participa311-alella.diba.cat/","/uploads/logo_aj_alella.jpg","city","50","","","",""
"Alsace","https://entre-vos-mains.alsace.eu/","/uploads/logo_aj_alsace.svg","city","50","","","",""
"ANECA","https://participa.aneca.es/","/uploads/logo_aneca.png","org","50","","","",""
"Antibes Juan-les-Pins","https://participez.antibes-juanlespins.com/","/uploads/logo_aj_antibes.png","city","50","","","",""
"Arcueil","https://participer.arcueil.fr/","/uploads/logo_aj_arcueil.svg","city","50","","","",""
"Area Metropolitana de Barcelona","https://participa.amb.cat/","/uploads/logo_amb.png","region","50","","","",""
"Arenys de Mar","https://participa311-arenysparticipacio.diba.cat","/uploads/logo_aj_arenysdemar.png","city","50","","","",""
"Arenys de Munt","https://participa311-arenysdemunt.diba.cat/","/uploads/logo_arenysdemunt.png","city","50","","","",""
"Asamblea Ciudadana para el Clima","https://web.archive.org/web/20221024093802/https://participa.asambleaciudadanadelcambioclimatico.es/","/uploads/logo_asambleaciudadanaparaelclima.webp","org","50","","","",""
"Assemblée Nationale","https://petitions.assemblee-nationale.fr/","/uploads/logo_assemblee_nationale_fr.svg","region","95","true","/uploads/logo_assemblee_nationale_fr_red.png","",""
"Associació de Mestres Rosa Sensat","https://participa.rosasensat.org/","/uploads/logo_rosasensat.png","org","50","","","",""
"Associació Economia Social Catalunya","https://participa.economiasocialcatalunya.cat/","/uploads/logo_economiasocialcatalunya.png","org","50","","","",""
"Asuntos del Sur","https://masdigital.asuntosdelsur.org/","/uploads/logo_asuntosdelsur.png","org","50","","","",""
"Auch","https://agirpourmaville.auch.fr/","/uploads/logo_aj_auch.png","city","50","","","",""
"Axian Group","https://innovation.axian-group.com/","/uploads/logo_axian_group.png","org","50","","","",""
"Ayuntamiento de Pinto","https://participa.ayto-pinto.es/","/uploads/logo_aj_pinto.png","city","50","","","40.2424298","-3.6994588"
"Badalona","https://participa311-badalona.diba.cat/","/uploads/logo_aj_badalona.png","city","50","","","",""
"Bagneux","https://participez.bagneux92.fr/","/uploads/logo_aj_bagneux.svg","city","50","","","",""
"Banská Bystrica","https://tvormespolu.banskabystrica.sk/","/uploads/logo-mesta-s-lomitkom.png","city","50","","","",""
"Barberà del Vallès","https://participa311-barbera.diba.cat/","/uploads/logo_aj_barberadelvalles.png","city","50","","","",""
"Barcelona En Comú","https://encomuparticipa.barcelonaencomu.cat/","/uploads/logo_barcelonaencomu.png","org","50","","","",""
"Barcelona Energia","https://web.archive.org/web/20240421233653/https://decidim.barcelonaenergia.cat/","/uploads/logo_barcelonaenergia.jpg","org","96","false","","",""
"Barcelona","https://www.decidim.barcelona/","/uploads/logo_aj_barcelona.svg","city","100","true","/uploads/logo_aj_barcelona_red.svg","",""
"Bauhaus4Med","https://b4m.space/","/uploads/logo_bauhaus4med.png","org","50","","","",""
"Begues","https://participa311-begues.diba.cat/","/uploads/logo_aj_begues.png","city","50","","","",""
"BePart ","https://bepart.platoniq.net/","/uploads/logo_bepart.png","org","50","","","",""
"Bergueda","https://participa311-bergueda.diba.cat/","/uploads/logo_bergueda.png","city","50","","","",""
"Berlin Mit Allen Gestalte","https://www.berlinmitallengestalten.de/","/uploads/bmag_mosaik_baeren__.png","city","50","","","52.5100765","13.3925653"
"Besaya","https://web.archive.org/web/20231016175450/https://besayaeuropa.es/","/uploads/logo_besayaeuropa.png","org","50","","","",""
"Binic-Etables sur Mer","https://jeparticipe.besurmer.fr/","/uploads/logo_aj_binic-etables-sur-mer.png","city","50","","","",""
"Bodo","https://bodo.smartbyene.no","/uploads/logo_aj_bodo.png","city","50","","","",""
"Bordeaux Métropole","https://participation.bordeaux-metropole.fr/","/uploads/blocmarque.png","region","50","","","44.834132","-0.587114"
"Bordeaux","https://participation.bordeaux.fr/","/uploads/logo_aj_bordeaux.png","city","50","","","",""
"Botkyrka","https://dialog.botkyrka.se","/uploads/logo_aj_botkyrka.svg","city","50","","","",""
"Brasil Participativo","https://brasilparticipativo.presidencia.gov.br/","/uploads/logo_brasil_participativo.png","region","95","true","/uploads/logo_brasil_participativo_red.png","",""
"Bélgica","https://monopinion.belgium.be/","/uploads/logo_monopinion.png","region","2","","","",""
"Cabildo de Fuerteventura","https://participacion.cabildofuer.es/","/uploads/logo_cabbios_neglong_sinconsej_rgb.jpg","region","50","","","28.2533763","-14.0735942"
"Cabrera de Mar","https://participa311-cabrerademar.diba.cat/","/uploads/logo_aj_cabrerademar.png","city","50","","","",""
"Cachan","https://parlonsensemble-cachan.fr/","/uploads/logo_aj_cachan.png","city","50","","","",""
"Calaf","https://participa311-calaf.diba.cat/","/uploads/logo_aj_calaf.jpg","city","50","","","",""
"Calafell","https://decidim.calafell.cat","/uploads/logo_aj_calafell.png","city","2","","","",""
"Caldes de Montbui","https://participa311-caldesdemontbui.diba.cat/","/uploads/logo_aj_caldesdemontbui.png","city","50","","","",""
"Calldetenes","https://participa311-calldetenes.diba.cat/","/uploads/logo_aj_calldetenes.png","city","50","","","",""
"Calonge i Sant Antoni","https://calongeisantantoni-decidim.ddgi.cat/","/uploads/logo_calongeisantantoni.jpg","city","50","","","",""
"Canodrom","https://comunitat.canodrom.barcelona/","/uploads/logo_canodrom.png","org","50","","","",""
"Canovelles","https://participa311-canovelles.diba.cat/","/uploads/logo_aj_canovelles.jpg","city","50","","","",""
"Cap Digital","https://build.capdigital.com/","/uploads/logo_cap4.png","org","50","","","48.8700897","2.3564638"
"Capellades","https://participa311-capellades.diba.cat/","/uploads/logo_aj_capellades.png","city","50","","","",""
"Castell-Platja d'Aro","https://castell-platja-aro-decidim.ddgi.cat/","/uploads/logo_aj_castellplatjaaro.jpg","city","50","","","",""
"Castellbisbal","https://participa311-castellbisbal.diba.cat/","/uploads/logo_aj_castellbisbal.png","city","50","","","",""
"Castellcir","https://participa311-castellcir.diba.cat/","/uploads/logo_aj_castellcir.png","city","50","","","",""
"Castelldefels","https://participa311-participacastelldefels.diba.cat/","/uploads/logo_aj_castelldefels.png","city","50","","","",""
"Castelloli","https://participa311-castelloli.diba.cat/","/uploads/logo_aj_castelloli.jpg","city","50","","","",""
"Castellvi de la Marca","https://participa311-castellvidelamarca.diba.cat/","/uploads/logo_aj_castellvi.png","city","50","","","",""
"Castilla La Mancha","https://web.archive.org/web/20190416194837/https://participa.castillalamancha.es/","/uploads/logo_castilla_la_mancha.png","region","50","","","",""
"Catalonia IOT Alliance","https://web.archive.org/web/20201125163717/https://reptes.cataloniaiot.com/","/uploads/logo_catalaniotalliance.jpg","org","50","","","",""
"Catalunya en Comú","https://comunitat.catalunyaencomu.cat/","/uploads/logo_catalunyaencomu.png","org","50","","","",""
"Centre National de Ressources Handicaps Rares","https://plateforme-cooperative-cnrlapepiniere.gapas.org/","/uploads/logo_cnrhr-lapepiniere.png","org","50","","","",""
"Cercles Coop","https://meta.cercles.coop/","/uploads/cercles.jpeg","org","50","false","","",""
"Cerdanyola del Valles","https://participa311-cerdanyola.diba.cat/","/uploads/logo_aj_cerdanyola.png","city","50","","","",""
"Chambery","https://participons.chambery.fr/","/uploads/logo_aj_chambery.png","city","50","","","",""
"Changing cities - Urbane mobilitat ","https://web.archive.org/web/20210924183525/https://ifs.decidim.de/","/uploads/logo_changing_cities.png","org","50","","","",""
"Cities for Change","https://citiesforchange.org/","/uploads/logo_citiesforchange.png","org","50","","","",""
"Ciudad de Mexico","https://web.archive.org/web/20240423051157/https://plazapublica.cdmx.gob.mx/","/uploads/logo_aj_cdmx.png","city","95","true","/uploads/logo_aj_cdmx_red.png","",""
"Clairoix","https://web.archive.org/web/20230328161312/https://participez.clairoix.fr/","/uploads/logo_aj_clairoix.png","city","50","","","",""
"Club Bàsquet Verges","https://cbverges.cat/","/uploads/logo_cbveges.jpg","org","50","","","42.0622056","3.0463714"
"Club des utilisateurs francophones de Decidim","https://club.decidim.opensourcepolitics.eu/","/uploads/logo_club_franfophones_decidim.png","org","50","","","",""
"Coact for Mental Health","https://web.archive.org/web/20230131024056/https://coactuem.ub.edu/","/uploads/logo_coact.svg","org","50","","","",""
"ASSOCIACIONS FEDERADES DE FAMÍLIES D’ALUMNES DE CATALUNYA","https://participa.affac.cat/","/uploads/logo_affac.png","org","50","","","",""
"Code For France","https://codefor.fr","/uploads/logo_codeforfr.png","org","96","false","","",""
"Code for Japan","https://meta.diycities.jp/assemblies/hereandthere/f/405/proposals/391","/uploads/code-for-japan.jpg","city","50","","","",""
"Coinicidim","https://coincidim.cat/","/uploads/logo_coincidim.png","org","50","","","",""
"Colaboratorio","https://comunidad.colaboratorioic.org/","/uploads/logo_colaboratorio.png","org","50","","","",""
"Colectic Coop","https://participa.colectic.coop","/uploads/logo_colectic.png","org","50","","","",""
"Collbato","https://participa311-collbato.diba.cat/","/uploads/logo_aj_collbato.jpg","city","50","","","",""
"Collsacabra","https://participa311-collsacabra.diba.cat/","/uploads/logo_collsacabra.png","city","50","","","",""
"Colombes","https://participons.colombes.fr/","/uploads/logo_aj_colombes.png","city","50","","","",""
"Col·laboratori Catalunya","https://comunitat.colabscatalunya.cat/","/uploads/logo-collaboratori.png","org","50","","","",""
"Commission Nationale du Débat Public","https://web.archive.org/web/20230615100054/https://participons.debatpublic.fr/","/uploads/logo_cndp.jpg","org","2","","","",""
"Communes de la Métropole de Montpellier","https://participons-communes.fr/","/uploads/logo_communes_montpellier.jpg","region","50","","","",""
"Comune di Empoli","https://www.empolipartecipa.it/","/uploads/logo_comune_empoli.png","city","50","","","43.7200318","10.9440991"
"Comune di Milano","https://partecipazione.comune.milano.it/","/uploads/logo_comune-di-milano.png","city","90","false","","",""
"Comune di Prato","https://partecipo.prato.it/","/uploads/logo_aj_prato.jpeg","city","50","","","",""
"Conference on the Future of Europe","https://wayback.archive-it.org/12090/20230418091815/https:/futureu.europa.eu/","/uploads/logo_cofe.png","region","50","","","",""
"European Commission -  Citizens’ Engagement Platform","https://citizens.ec.europa.eu/","/uploads/logo_european_comission.jpg","region","99","true","/uploads/logo_european_comission_red.png","",""
"Conseil de Développement de la Communauté d'Agglomération Sophia Antipolis","https://concertation-citoyenne.cddcasa.fr/","/uploads/logo_cddcasa.png","region","50","","","",""
"Conseil économique, social et environnemental","https://petitions.lecese.fr/","/uploads/logo_cese.png","org","50","","","",""
"Consell de la Joventut de Barcelona","https://participa.cjb.cat/","/uploads/logo_conselljunventutbarcelona.png","org","50","","","",""
"Consell de Poble de Santa Pau","https://santapau-decidim.ddgi.cat/","/uploads/logo_aj_santapau.png","city","50","","","",""
"Convention Citoyenne pour le Climat ","https://web.archive.org/web/20210905055514/https://contribuez.conventioncitoyennepourleclimat.fr/","/uploads/logo_conventioncitoyennepourleclimat.png","org","60","","","",""
"Coop57","https://participa.coop57.coop/","/uploads/logo_coop57.png","org","50","","","",""
"Coopmunity","https://coopmmunity.eu/","/uploads/logo_coopmmunity.png","org","50","","","50.8334011","4.3440146"
"Cosmotécnicas Amazônicas","https://cosmo.tec.br/","https://cosmo.tec.br/","org","50","","","-1.4901202","-48.4351878"
"CoTerrats","https://web.archive.org/web/20220809131749/https://decidim.coterrats.com/","/uploads/logo_coterrats.png","org","2","","","",""
"Cour de comptes","https://participationcitoyenne.ccomptes.fr/","/uploads/logo_ccomptes.png","org","50","","","",""
"Cubelles","https://participa311-cubelles.diba.cat/","/uploads/logo_aj_cubelles.gif","city","50","","","",""
"Cuenca ","https://cuencaparticipa.cuenca.gob.ec","/uploads/escudo-cuenca_alcaldia-2023-2027-04.png","city","50","","","",""
"Cultuur Connect","https://cooperatieplatform.cultuurconnect.be","/uploads/logo_cultuurconnect.png","org","30","false","","",""
"Cunit","https://decidim.cunit.cat/","/uploads/logo_aj_cunit.webp","city","50","","","",""
"De Kamber Belgium","https://dekamer.mijnopinie.belgium.be","/uploads/logo_kamber_be.png","region","90","false","","",""
"Decathlon","https://web.archive.org/web/20211018211115/https://vision-campus.decathlon.fr/","/uploads/logo_decathlon.png","org","50","","","",""
"Decidim Atende","https://decidim-cs.cdsh.dev/","/uploads/atende-logo-podstawowe.jpg","org","50","","","52.2560351","21.0648611"
"Decidim CoARA (UOC)","https://decidim-coara.techlab.uoc.edu/","/uploads/coara-logo-beitrag.jpg","university","50","","","",""
"Decidim Hungary","https://decidim.kdea.hu/","/uploads/output-onlinepngtools.png","org","50","","","47.4946321","19.0432635"
"Decidim Ljubljana","https://ljubljana.participation.works/","/uploads/gmajna-logo.jpg","city","50","","","46.0526981","14.5217169"
"DECODE","https://web.archive.org/web/20210106185132/https://tecnopolitica.net/en/content/digital-democracy-and-data-commons-dddc","/uploads/logo_decode.svg","org","50","","","",""
"Degrowth Conference","https://web.archive.org/web/20211026231939/https://degrowth.nl/","/uploads/logo_degrowth.png","org","50","","","",""
"Demain Amu","https://web.archive.org/web/20200519194734/https://democratie.demain-amu.fr/","/uploads/logo_demain_amu.jpg","org","50","","","",""
"Departement de Herault","https://concertationnumerique.herault.fr","/uploads/logo_herault.jpg","region","50","","","",""
"Departement de La Mayenne","https://may-dialogue.lamayenne.fr/","/uploads/logo_lamayenne.png","region","50","","","",""
"Dipartimento della funzione pubblica","https://community.dfp.gov.it/","/uploads/logo_dfp.png","org","50","","","",""
"Diputació de Barcelona","https://comunitat311.diba.cat/","/uploads/logo_diba.png","region","2","","","",""
"Diputació de Girona","http://decidim.ddgi.cat/","/uploads/logo_ddgi.png","region","2","","","",""
"Diputación de Guipuzcoa","https://gi2030.eus/","/uploads/logo_diputacion_guipuzkoa.png","region","50","","","",""
"Diputación Granada","https://participa.dipgra.es/","/uploads/logo_diputacion_granada.png","region","80","","","",""
"Eau de Paris","https://web.archive.org/web/20240416072002/https://budgetparticipatif.eaudeparis.fr/","/uploads/logo_eaudeparis.svg","org","50","","","",""
" El Prat de Llobregat","https://participa311-elprat.diba.cat/","/uploads/logo_aj_elprat.jpg","city","50","","","",""
"Masnou","https://participa311-elmasnou.diba.cat/","/uploads/logo_aj_elmasnou.png","city","50","","","",""
"Elogie Siemp","https://web.archive.org/web/20230601125240/https://www.budgetparticipatif.elogie-siemp.paris/","/uploads/logo_elogiesiemp.png","city","2","","","",""
"Emilia-Romagna","https://partecipazioni.emr.it/","/uploads/logo_emilia_romagna.png","region","50","","","",""
"Emmaus Solidarite","https://decidim.emmaus-solidarite.org","/uploads/logo_emmaus_solidarite.jpg","org","50","","","",""
"Energética coop","https://participa.energetica.coop/users/sign_in","/uploads/logo_energeticacoop.png","org","50","","","",""
"Enguera","https://web.archive.org/web/20240531030121/https://decide.enguera.es/","/uploads/logo_enguera.png","city","50","","","",""
"Escoltes Catalans","https://participa.escoltes.org","/uploads/logo_escoltes_catalans.png","org","50","","","",""
"Eslövs Kommun","https://dialog.eslov.se/","/uploads/logo_aj_eslovs.webp","city","50","","","",""
"Esparreguera","https://participa311-esparreguera.diba.cat/","/uploads/logo_aj_esparraguera.jpg","city","2","","","",""
"Esplugues de Llobregat","https://participa311-espluguesparticipa.diba.cat/","/uploads/logo_aj_esplugues.gif","city","2","","","",""
"Est  Ensemble Grand Paris","https://ensemblepourleclimat.est-ensemble.fr/","/uploads/logo_est_ensemble_grand_paris.png","region","50","","","",""
" Estratègia de l'Economia Social i Solidària a Barcelona 2030","https://essbcn2030.decidim.barcelona/","/uploads/logo_essbcn2030.png","org","50","","","",""
"European Citizens Bank","https://web.archive.org/web/20221127120211/https://europeancitizensbank.eu/","/uploads/logo_european_citizens_bank.png","org","50","","","",""
"European Comission - Missions","https://web.archive.org/web/20200901153720/https://missions-get-involved.ec.europa.eu/","/uploads/logo_eumissions.png","org","50","","","",""
"EUTeens4Green","https://participate.euteens4green.org/","/uploads/logo_euteens4green.png","org","50","","","",""
"Montesquiu","https://participa311-montesquiu.diba.cat/","/uploads/logo_aj_montesquiu.png","city","50","","","",""
"FAVB","https://participa.favb.cat","/uploads/logo_favb.png","org","60","","","",""
"FCEG - Federació Catalana d'Escoltisme i Guiatge","https://decidim.fceg.cat","/uploads/logo_fceg.png","org","2","","","",""
"Fearless Cities","https://network.fearlesscities.com/","/uploads/logo_fearless_cities.png","org","50","","","",""
"FEDAIA -  Federació d'entitats d'atenció a la infància i l'adolescència","https://construim.fedaia.org/","/uploads/logo_fedaia.jpg","org","50","","","",""
"Federació Catalana de Voluntariat Social","https://decidim.voluntaris.cat/","/uploads/logo_voluntaris.png","org","50","","","",""
"Federació d'Ateneus de Catalunya","https://participa.ateneus.cat","/uploads/logo_fac.png","org","2","","","",""
"Federació VEUS","https://decidim.veus.cat/","/uploads/logo_veus.png","org","50","","","",""
"Figaró-Montmany","https://participa311-figaro.diba.cat/","/uploads/logo_aj_figaro.png","city","50","","","",""
"Fleury-les-Aubrais","https://participer.fleurylesaubrais.fr/","/uploads/logo_aj_fleury_les_aubrais.jpg","city","50","","","",""
"Folgueroles","https://participa311-folgueroles.diba.cat/","/uploads/logo_aj_folgueroles.jpg","city","50","","","",""
"Food Coop BCN","https://decidim.foodcoopbcn.cat/","/uploads/logo_foodcoopbcn.png","org","50","","","",""
"Freiwilligenpolitik Mitgestalten","https://freiwilligenpolitik.mitgestalten.jetzt/","/uploads/image.png","org","50","","","",""
"Freiwilligenpolitik mitgestalten","https://freiwilligenpolitik.mitgestalten.jetzt/","/uploads/logo_bunderministerium_soziales_at.png","region","50","","","",""
"FundAction","https://assembly.fundaction.eu","/uploads/logo_fundaction.png","org","2","","","",""
"Fàbrica de Creació Fabra i Coats","https://fic.decidim.barcelona","/uploads/logo_fic.jpg","org","2","","","",""
"Fòrum de la Joventut d'Andorra","https://forumandorra.com/","/uploads/logo_forumjoventutandorra.png","org","50","","","",""
"Fòrum Social Mundial d'Economies Transformadores","https://web.archive.org/web/20220930155131/https://forum.transformadora.org/","/uploads/logo_fsmet.png","org","2","","","",""
"Gavà","https://web.archive.org/web/20240903120454/https://participa.gavaciutat.cat/","/uploads/logo_aj_gava.jpg","city","2","","","",""
"Gdynia","https://konsultujemy.gdynia.pl/","/uploads/logo_aj_gdynia.jpg","city","51","false","","",""
"Gemeinde Köniz","https://web.archive.org/web/20240818062824/https://impulskoeniz.ch/","/uploads/logo_aj_koniz.jpg","city","50","","","",""
"Generalitat de Catalunya","http://participa.gencat.cat/","/uploads/logo_gencat.png","region","95","true","/uploads/logo_gencat_red.png","",""
"Getxo","https://zeugaz.getxo.eus/","/uploads/logo_aj_getxo.jpeg","city","50","false","","",""
"Gijón","https://participa.gijon.es/","/uploads/logo_aj_gijon.png","city","85","","","",""
"Girona","https://girona-decidim.ddgi.cat/","/uploads/logo_aj_girona.png","city","50","","","",""
"Gobierno de Cochabamba","https://decidim.gobernaciondecochabamba.bo/","/uploads/logo_cochabamba.jpeg","region","50","","","",""
"Gobierno de Mendoza","https://participa.irrigacion.gov.ar/","/uploads/logo_mendoza.png","region","50","","","",""
"Goteborgs Stad","https://medborgarbudget.socialhisingen.goteborg.se/","/uploads/logo_aj_goteborgs.png","city","50","","","",""
"Goteo","https://participa.goteo.org/","/uploads/logo_goteo.png","org","50","","","",""
"Granollers","https://participa311-granollers.diba.cat/","/uploads/logo_aj_granollers.png","city","50","","","",""
"Granville","https://participons-granville.fr/","/uploads/logo_aj_granville.png","city","50","","","",""
"Graz Gemeinsam Gestalten","https://www.graz-gemeinsam-gestalten.at/","/uploads/logo-mib-sw.png","org","50","","","",""
"Graz Gemeinsam Gestalten","https://www.graz-gemeinsam-gestalten.at/","/uploads/logo_graz.png","org","50","","","",""
"Green Party of Canada","https://wedecide.green.ca/","/uploads/logo_green_party_canada.png","org","2","false","","",""
"Greenpeace","https://web.archive.org/web/20210311050650/https://concertation.greenpeace.fr/","/uploads/logo_greenpeace.png","org","50","","","",""
"Gualba","https://participa311-gualba.diba.cat/","/uploads/logo_aj_gualba.png","city","50","","","",""
"Génération","https://agora.generation-s.fr/users/sign_in","/uploads/logo_agora_generations.png","org","50","","","",""
"Hackovid","https://web.archive.org/web/20210418164530/https://hackovid.cat/","/uploads/logo_hackovid.png","org","50","","","",""
"Hamamatsu","https://hamamatsu.makeour.city/","/uploads/logo_hamamatsu.png","org","50","","","",""
"Helsingborg","https://web.archive.org/web/20210116154821/https://tryggareplatser.helsingborg.se/","/uploads/logo_aj_helsingborg.png","city","50","","","",""
"Helsinki - Nuorten bujetti","https://nuortenbudjetti.hel.fi/","/uploads/logo_helsinki_nuorten_budjetti.png","city","50","","","",""
"Helsinki","https://omastadi.hel.fi/","/uploads/logo_aj_helsinki.png","city","98","true","/uploads/logo_aj_helsinki_red.png","",""
"Her Decidim","https://her.decidim.gr/","/uploads/new-symbiosis-symbiosis.png","org","50","","","",""
"Asociación Cultural Heuristica","https://heuristica.participa.cloud/","/uploads/logo_heuristica.png","org","50","","","",""
"IMT - Institut Mines-Télécom","https://participons.imt.fr/","/uploads/logo_imt.webp","org","50","","","",""
"inDICEs","https://participate.indices-culture.eu/","/uploads/logo_indices.png","org","50","","","",""
"Infermeres de Catalunya","https://web.archive.org/web/20220126143109/https://decidim.infermeresdecatalunya.cat/","/uploads/logo_infermeresdecatalunya.png","org","50","","","",""
"Innovation Yokohama","https://meta.diycities.jp/assemblies/hereandthere/f/405/proposals/390","/uploads/logo_innovation_yokohama.png","city","50","","","",""
"Inochi Forum","https://inochi-forum.makeour.city/","/uploads/logo_inochiforum.png","org","50","","","",""
"INS Camí de Mar","https://web.archive.org/web/20220630155403/http://camidelmar.demo.decidim.coditramuntana.com/","/uploads/logo_inscamidemar.jpg","org","50","","","",""
"INSPIRE","https://participate.inspiredemocracy.eu/","/uploads/logo_inspire.avif","org","50","","","",""
"Institut Bosc de Montjuïc","https://decidim.insboscmontjuic.com/","/uploads/logo_insboscmontjuic.png","org","50","","","",""
"Institut Caterina Albert","https://decidim.inscaterinaalbert.cat/","/uploads/logo_inscaterinaalbert.png","org","50","","","",""
"Institut de Drets Humans de Catalunya","https://agoradedrets.idhc.org/","/uploads/logo_idhc.svg","org","50","","","",""
"Institut Municipal de Persones amb Discapacitat ","https://web.archive.org/web/20220425210504/http://impd.decidim.barcelona/","/uploads/logo_impd.png","org","50","","","",""
" Interreg Northern Periphery and Arctic","https://web.archive.org/web/20230325150541/https://omaidea.fi/","/uploads/logo_interreg.svg","org","50","","","",""
"investigaDUS - Secretaría de Educiación Superior, Ciencia, Tecnología e Innovación - República del Ecuador","https://web.archive.org/web/20220708132858/https://investigadus.senescyt.gob.ec/","/uploads/logo_senescyt.jpg","org","50","","","",""
"IOPD - International Observatory on Participatory Democracy","https://participate.oidp.net/","/uploads/logo_OIDP.png","org","50","","","",""
"Iridia","https://participa.iridia.cat/","/uploads/logo_iridia.png","org","50","","","",""
"Jaen","https://participa.aytojaen.es","/uploads/logo_aj_jaen.jpg","city","50","","","",""
"JamiiHub","https://nca.voca.city/","/uploads/logo_jamii_hub_decidim_voca_nca_5.png","org","50","","","-6.4017586","35.4498536"
"Jimin Yokohama","https://web.archive.org/web/20221201085946/https://jiminyokohama.decidim.jp/","/uploads/logo_jiminyokohama.png","org","50","","","",""
"JT Manifesto - Clean Clothes Campaign","https://manifesto.cleanclothes.org/","/uploads/hifp2dv3cnmfjrhdgcugoea8y88j.png","org","50","","","",""
"Kakawa University","https://meta.diycities.jp/assemblies/hereandthere/f/405/proposals/392","/uploads/logo_kagawa_university.png","org","50","","","",""
"Kakogawa","https://kakogawa.diycities.jp/","/uploads/logo_aj_kakogawa.png","city","90","true","/uploads/logo_aj_kakogawa_red.png","",""
"Kamaishi","https://kamaishi.makeour.city/","/uploads/logo_aj_kamaishi.png","city","50","","","",""
"Kawanishi","https://web.archive.org/web/20230130132258/https://kawanishi.mygroove.city/","/uploads/logo_kawanishimi.png","city","50","","","",""
"Kehlen","https://web.archive.org/web/20220116215410/https://participation.kehlen.lu/","/uploads/logo_aj_kielen.png","city","50","","","",""
"Kokubunji","https://meta.diycities.jp/assemblies/hereandthere/f/405/proposals/1408","/uploads/logo_aj_kokubunji.png","city","50","","","",""
"Komae","https://komae.beehub.life/","/uploads/logo_aj_komae.png","city","50","","","",""
"La Fabrique de la Region","https://web.archive.org/web/20210507122315/https://www.lafabriquedelaregion.fr/","/uploads/logo_lafabriquedelaregion.png","org","50","","","",""
"La Gaspésie","https://web.archive.org/web/20220129051722/https://stratnumgaspesie.com/","/uploads/gaspesie.png","region","2","","","",""
"Laboratori d'Innovació Democratica","https://lid.decidim.barcelona/","/uploads/logo_lid.png","org","50","","","",""
"Lafede.cat","https://decidim.lafede.cat","/uploads/logo_lafede.jpeg","org","2","","","",""
"L'Ametlla del Vallès","https://participa311-ametlla.diba.cat/","/uploads/logo_aj_ametlladelvalels.jpg","city","50","","","",""
"La Pobla de Claramunt","https://participa311-lapobladeclaramunt.diba.cat/","/uploads/logo_aj_lapobladeclaramunt.webp","city","50","","","",""
"La Torre del Claramunt","https://participa311-latorre.diba.cat/","/uploads/logo_aj_latorre.png","city","50","","","",""
"L'Economat Social","https://participa.leconomat.queviure.cat","/uploads/logo_leconomat.jpg","org","2","","","",""
"Lens","https://participez.villedelens.fr/","/uploads/logo_aj_lens.png","city","50","","","",""
"Les Ecologistes 2022","https://web.archive.org/web/20220121021922/https://projet.lesecologistes.fr/","/uploads/logo_ecologistes2022.png","org","50","","","",""
"Les Franqueses del Valles","https://participa311-lesfranqueses.diba.cat/","/uploads/logo_aj_lesfranqueses.png","city","50","","","",""
"L'Hospitalet de Llobregat","https://www.lhon-participa.cat/","/uploads/logo_aj_hospitalet.jpg","city","2","","","",""
"Liberta School","https://meta.diycities.jp/assemblies/hereandthere/f/405/proposals/768","/uploads/logo_liberta_school.png","org","50","","","",""
"Llagosta","https://participa311-llagosta.diba.cat/","/uploads/logo_aj_llagosta.jpg","city","50","","","",""
"Llavaneres","https://participa311-llavaneres.diba.cat/","/uploads/logo_aj_llavaneres.png","city","50","","","",""
"Lleida","https://lleida.decidimcatalunya.cat/","/uploads/logo_aj_lleida.png","city","50","","","",""
"Llinars del Valles","https://participa311-llinarsdelvalles.diba.cat/","/uploads/logo_aj_llinars.png","city","50","","","",""
"Loire Atlantique","https://participer.loire-atlantique.fr/","/uploads/logo_aj_loire.png","region","2","","","",""
"Loiret","https://atelierdevosidees.loiret.fr/","/uploads/logo_aj_loiret.png","city","2","","","",""
"Lucena","https://participa.lucena.es/","/uploads/logo_aj_lucena.jpg","city","50","","","37.4102988","-4.4869415"
"Lyon","https://oye.participer.lyon.fr/","/uploads/logo_aj_lyon.jpg","city","90","","","",""
"Mairie d’Angers","http://ecrivons.angers.fr","/uploads/logo_angers.png","region","2","","","",""
"Malakoff","https://nous.malakoff.fr/","/uploads/logo_aj_malakoff.png","city","50","","","",""
"Malgrat de Mar","https://web.archive.org/web/20211228223548/http://decideix.ajmalgrat.cat/","/uploads/logo_aj_malgrat.png","city","2","","","",""
"Manlleu","https://participa311-manlleu.diba.cat/","/uploads/logo_aj_manlleu.png","city","50","","","",""
"Manresa","https://participa311-manresa.diba.cat/","/uploads/logo_aj_manresa.jpg","city","50","","","",""
"Marseille","https://participons.marseille.fr/","/uploads/logo_aj_marseille.jpg","city","90","","","",""
"Martorelles","https://participa311-martorelles.diba.cat/","/uploads/logo_aj_martorelles.png","city","50","","","",""
"Masquefa","https://participa311-masquefa.diba.cat/","/uploads/logo_aj_masquefa.jpg","city","50","","","",""
"Mataró","https://www.decidimmataro.cat/","/uploads/logo_aj_mataro.jpg","city","2","","","",""
"Mautic","https://community.mautic.org/","/uploads/logo_mautic.png","org","90","","","",""
"Maçanet de la Selva","https://massanetdelaselva-decidim.ddgi.cat/","/uploads/logo_aj_maçanet.png","city","50","","","41.676101","2.7065979"
"Metadecidim Japan","https://meta.diycities.jp/","/uploads/logo_metadecidim_japan.png","org","50","","","",""
"Metadecidim","https://meta.decidim.org/","/uploads/logo_metadecidim.png","org","50","","","",""
"Ministry of Land, Infrastructure, Transport and Tourism (Japan)","https://web-archive-org.translate.goog/web/20210329041552/https://mlit.diycities.jp","/uploads/logo_milt.png","org","50","","","",""
"Ministère de l’Éducation nationale de la Jeunesse et des Sports ","https://web.archive.org/web/20211025093919/https://etats-generaux-du-numerique.education.gouv.fr/","/uploads/logo_ministere_education_fr.jpg","org","50","","","",""
"Minyos Escoltes i Guies de Catalunya","https://participa.escoltesiguies.cat","/uploads/logo_minyons_escoltes.png","org","50","","","",""
"Mission Politique publique de la donnée","https://www.mission-open-data.fr/","/uploads/logo_mission_politique_de_la_donee.png","org","50","","","",""
"Mitgestalten Lustenau","https://mitgestalten.lustenau.at/","/uploads/logolustenau.png","city","50","","","47.427144","9.6606718"
"Mkutano","https://mkutano.community/","/uploads/logo_mkutano.png","org","50","","","",""
"Molins de Rei","https://participa311-molinsderei.diba.cat/","/uploads/logo_aj_molinsderei.png","city","50","","","",""
"Monistrol de Montserrat","https://participa311-monistroldemontserrat.diba.cat/","/uploads/logo_aj_monistrol.jpg","city","50","","","",""
"Mollerussa","https://mollerussa.decidimcatalunya.cat/","/uploads/logo_aj_mollerussa.png","city","50","","","",""
"Mollet del Valles","https://participa311-mollet.diba.cat","/uploads/logo_aj_mollet-valles.png","city","50","","","",""
"Imagine Ton Territoire","https://web.archive.org/web/20220317171459/https://imaginetonterritoire.bzh/","/uploads/logo_monterritoire.jpg","org","50","","","",""
"Santa Margarida de Montbui","https://participa311-montbui.diba.cat/","/uploads/logo_aj_montbui.png","city","50","","","",""
"Montcada i Reixac","https://participa311-montcada.diba.cat/","/uploads/logo_aj_montcada.png","city","50","","","",""
"Monterrey","http://decidimos.monterrey.gob.mx/","/uploads/logo_monterrey.png","city","50","","","",""
"Montlouis-sur-Loire","https://jeparticipe.ville-montlouis-loire.fr/","/uploads/logo_aj_montlouis_sur_loire.png","city","50","","","",""
"Montmelló","https://participa311-montmelo.diba.cat/","/uploads/logo_aj_montmelo.jpg","city","50","","","",""
"Montornès","https://participa311-montornes.diba.cat/","/uploads/logo_aj_montornes.jpg","city","50","","","",""
"Murcia","https://participacion.mimurcia.murcia.es/","/uploads/logo_murcia.png","city","50","","","",""
"My revolution","https://www.my-revolution.eu/","/uploads/myactivistrevolutionlogo.png","org","50","","","",""
"Mérida","https://web.archive.org/web/20211101172533/https://decide.merida.gob.mx/","/uploads/logo_aj_merida.png","city","80","","","",""
"Métropole Européene de Lille","https://participation.lillemetropole.fr/","/uploads/logo_MEL.png","region","95","false","","",""
"Nanterre","https://participez.nanterre.fr/","/uploads/logo_aj_nanterre.png","city","2","","","",""
"Navarra","https://participa.navarra.es/","/uploads/logo_navarra.png","region","70","","","",""
"Nishiaizu","https://nishiaizu.makeour.city/?locale=ja","/uploads/logo_aj_nishiaizu.png","city","50","","","",""
"Nivelles","https://web.archive.org/web/20230324231445/https://nivelles.monopinion.belgium.be/","/uploads/logo_aj_nivelles.png","city","2","","","",""
"Noisy-le-Grand","https://participons.noisylegrand.fr/","/uploads/logo_noisy_grand.svg.png","city","50","","","48.8489101","2.5517855"
"NUMÉRIQUE(S) ET HUMAIN(S) - MGEN","https://web.archive.org/web/20221001170320/https://contribuez.numeriques-et-humains.fr/","/uploads/logo_mgen.png","org","50","","","",""
"NYC","https://www.participate.nyc.gov/","/uploads/logo_aj_nyc.png","city","99","true","/uploads/logo_aj_nyc_red.png","",""
"Observatori DESC","https://decidim.observatoridesc.org/","/uploads/logo_odesca.png","org","50","","","",""
"Okinawa 2024","https://okinawa2024.diycities.jp/","/uploads/logo_okinawa2024.png","city","50","","","",""
"Olesa de Montserrat","https://participa311-olesademontserrat.diba.cat/","/uploads/logo_aj_olesademontserrat.png","city","50","","","",""
"Olost","https://participa311-olost.diba.cat/","/uploads/logo_aj_olost.png","city","50","","","",""
"Olèrdola","https://participa311-olerdola.diba.cat/","/uploads/logo_aj_olerdola.png","city","50","","","",""
"Opcions Cooperativa","https://decidim.opcions.coop/","/uploads/logo_opcions.svg","org","50","","","",""
"Open Heritatge","https://labs.openheritage.eu/","/uploads/logo_openheritage.jpg","org","2","","","",""
"Open Knowledge Brasil","https://minutas.ok.org.br","/uploads/logo_open_knoweldge_brasil.svg","org","50","","","",""
"Open Spaces","https://openspaces.platoniq.net/","/uploads/logo_openspaces.png","org","50","","","",""
"Orsay","https://web.archive.org/web/20211027090635/https://rentree2019.mairie-orsay.fr/","/uploads/logo_aj_orsay.jpg","city","50","","","",""
"Ouka / Oulu","https://osallistu.ouka.fi/","/uploads/logo_oulu.svg","city","50","","","",""
"Outreau","https://web.archive.org/web/20220222043302/http://budgetparticipatif-outreau.fr/","/uploads/logo_outreau.png","city","50","","","",""
"Ovillage","https://ovillage.ci/","/uploads/logo-ovillage-social-couleur.png","org","50","","","",""
"Ovre Eiker Kommune","https://web.archive.org/web/20220615035007/https://decidim.sammenskapervi.no/","/uploads/logo_ovre_eiker.svg","city","50","","","",""
"Oyama","https://web.archive.org/web/20230608153133/https://oyama.mygroove.city/","/uploads/logo_aj_oyama.jpg","city","50","","","",""
"Palafrugell","https://palafrugell-decidim.ddgi.cat/","/uploads/logo_palafrugell.png","city","50","","","",""
"Palamos","https://palamos-decidim.ddgi.cat/","/uploads/logo_aj_palamos.png","city","50","","","",""
"Palau-solità i Plegamans","https://participa311-palauplegamans.diba.cat/","/uploads/logo_aj_palauplegamans.png","city","50","","","",""
"Pamplona","https://decide.pamplona.es/","/uploads/logo_aj_pamplona.jpg","city","50","false","","",""
"Parets del Valles","https://participa311-parets.diba.cat/","/uploads/logo_aj_parets_del_valles.png","city","50","","","",""
"Paris - La Mairie du 14e","https://le14participe.paris/","/uploads/logo_aj_paris_mairie14.png","city","80","","","",""
"Parlement de la Région de Bruxelles-Capitale et du Parlement francophone bruxellois","https://democratie.brussels/","/uploads/logo_parlament_bruxellois.png","region","75","","","",""
"Organización Nacional Indígena de Colombia","https://web.archive.org/web/20221018164422/https://participa.onic.org.co/","/uploads/logo_onic.png","org","50","","","",""
"Parma","https://parmapartecipa.comune.parma.it/","/uploads/logo_comune_parma.png","city","50","","","",""
"Partecipa Governo Italia","https://partecipa.gov.it/","/uploads/logo_governo_italia.png","region","80","false","","",""
"PARTEI DES FORTSCHRITTS","https://gemeinsam.partei-des-fortschritts.de/","/uploads/logo_pdf.svg","org","50","","","",""
"Participa Catalunya","https://web.archive.org/web/20231208195053/https://participacatalunya.cat/","/uploads/logo_participacatalunya.png","org","50","","","",""
"Participa Cloud","https://participa.cloud/","/uploads/logo_participa_cloud.png","org","50","","","",""
"Participa Saltillo","https://participa.saltillo.gob.mx/","/uploads/logo-saltillo.png","city","50","","","25.4219633","-100.9925023"
"PATLY","https://patly.org/","/uploads/logo_patly.png","org","50","","","",""
"Pays de Gex agglo","https://web.archive.org/web/20230802020344/https://tramferney.paysdegexagglo.fr/","/uploads/logo_paysdegexagglo.png","region","50","","","",""
"Peligros","https://web.archive.org/web/20220709061239/https://peligrosdecide.es/","/uploads/logo_aj_peligros.jpeg","city","50","","","",""
"People Powered","https://participate.peoplepowered.org/","/uploads/logo_peoplepowered.png","org","50","","","",""
" Plan Nacional de Desarrollo Paraguay 2050","https://www.paraguay2050.gov.py/","/uploads/2025-03-18_logo-pnd-01.png","region","20","","","-23.4587782","-57.9236579"
"Plan Nacional de Desarrollo Paraguay 2050","https://pnd2050.cds.com.py/","/uploads/logo-pnd.png","region","50","","","-25.3000425","-57.6087346"
"Plantaformas","https://plantaformas.org/","/uploads/logo_plantaformas.png","org","50","","","",""
"PlataformESS","https://decidim.plataformess.org/","/uploads/logo_plataformees.png","org","50","","","",""
"Plural Centre de Masculinitats","https://masculinitats.decidim.barcelona/","/uploads/logo_plural.png","org","50","","","",""
"Polinya","https://participa311-polinya.diba.cat/","/uploads/logo_aj_polinya.jpg","city","50","","","",""
"Poliste","https://partecipa.poliste.com/","/uploads/logo_poliste.jpg","org","50","","","",""
"Prefeitura de Belém","https://web.archive.org/web/20231208165702/https://decide.belem.pa.gov.br/","/uploads/logo_prefeitura_belem.png","city","70","false","","",""
"Prefeitura de Contagem","https://decidim.contagem.mg.gov.br/","/uploads/logo-prefeitura-contagem.png","city","50","","","",""
"Premet25","https://web.archive.org/web/20230804080449/https://participa.premet25.cat/","/uploads/logo_premet25.jpg","region","2","","","",""
"Puglia","https://partecipazione.regione.puglia.it/","/uploads/logo_puglia.png","region","85","false","","",""
"Quart","https://quart-decidim.ddgi.cat/","/uploads/logo_aj_quart.jpg","city","50","","","",""
"Quartieridee Wipkingen","https://web.archive.org/web/20210122124626/https://quartieridee.ch/","/uploads/logo_quartieridee.png","city","90","false","","",""
"Quorum Global","https://participa.quorumglobal.org/","/uploads/logo_quorum_global.jpg","org","50","","","",""
"Québec","https://consultation.quebec.ca/","/uploads/logo_quebec.png","region","90","false","","",""
"Real Deal","https://my.realdeal.eu/","/uploads/logo_realdeal.png","org","50","","","",""
"RECHARGE - Resilient European Cultural Heritage As Resource for Growth and Engagement","https://recharge-culture.eu/","/uploads/logo_recharge.png","org","50","","","",""
"Red de Investigación de Conocimiento Libre","https://comunidad.conocimientolibre.ec/","/uploads/lgoo_conocimiento_hardware_libre.png","org","50","","","",""
"Reinosa","https://web.archive.org/web/20240618153151/https://participa.aytoreinosa.es/","/uploads/logo_aj_reinosa.png","city","50","","","",""
"República Oriental del Uruguay","https://plataformaparticipacionciudadana.gub.uy/","/uploads/logo_uruguay.png","region","90","","","",""
"Reshava Sofia","https://reshava.sofia.bg/","/uploads/vector-logo.png","city","50","","","42.6974881","23.3212684"
"Reus","https://participa.reus.cat/","/uploads/logo_aj_reus.jpg","city","2","","","",""
"Rezero","https://decidim.rezero.cat/","/uploads/logo_rezero.png","org","50","","","",""
"Rillieux-La-Pape","https://participationcitoyenne.rillieuxlapape.fr/","/uploads/logo_aj_rillieux-la-pape.jpg","city","50","","","",""
"Rio Grande Do Sul","https://web.archive.org/web/20210206083214/https://decide.riogrande.rs.gov.br/","/uploads/logo_rio_grande_do_sul.png","region","50","","","",""
"Rio Grande","https://participa.riogrande.gob.ar/","/uploads/logo_riogrande.png","city","50","","","",""
" RIVP - Régie Immobilière de la Ville de Paris","https://web.archive.org/web/20230511015238/https://budget-participatif.rivp.fr/","/uploads/logo_rivp.png","org","50","","","",""
"Romainville","https://web.archive.org/web/20220308150849/https://www.budget-participatif-romainville.fr/","/uploads/logo_aj_romainville.jpg","city","2","","","",""
"Rome Collaboratory ACT","https://co-roma.openheritage.eu/","/uploads/logo_openheritage.jpg","org","50","","","41.9005896","12.4804117"
"Municipalidad de Rosario","https://web.archive.org/web/20220610184158/https://participa.rosario.gob.ar/","/uploads/logo_aj_rosario.jpg","city","80","false","/uploads/logo_aj_rosario_red.png","",""
"Rubí","https://participa311-rubi.diba.cat/","/uploads/logo_aj_rubi.png","city","2","","","",""
"Région Nouvelle-Aquitaine","https://participez.nouvelle-aquitaine.fr/","/uploads/logo_nouvelleaquitaine.png","region","2","","","",""
"République et Canton de Genève","https://participer.ge.ch/","/uploads/logo_geneve.png","region","90","true","/uploads/logo_geneve_red.png","",""
"Sabadell","https://web.archive.org/web/20230102074941/https://decidim.sabadell.cat/","/uploads/logo_aj_sabadell.jpg","city","2","","","",""
"Saint-Jean de Braye","https://budgetparticipatif.saintjeandebraye.fr/","/uploads/logo_aj_saintjeandebraye.png","city","50","","","",""
"Sainte-Savine","https://www.participons-saintesavine.fr/","/uploads/logo_aj_sainte-savine.jpeg","city","50","","","",""
"Salo","https://osallistu.salo.fi/","/uploads/logo_salo.png","city","50","","","",""
"Salou","https://salou.decidimcatalunya.cat/","/uploads/logo_aj_salou.svg","city","50","","","",""
"Salt","https://decidim.salt.cat","/uploads/logo_aj_salt.png","city","2","","","",""
"Salut, Drets i Acció","https://agora.salutdretsaccio.org/","/uploads/logo_salut_drets_accio.jpg","org","50","","","",""
"San Nicolás","https://decidimos.sanicolas.gob.mx/","/uploads/logo_aj_sannicolas.jpeg","city","50","","","",""
"Sant Cugat Sesgarrigues","https://participa311-santcugatsesgarrigues.diba.cat/","/uploads/logo_aj_santcugatsesgarrigues.jpg","city","50","","","",""
"Sanda","https://web.archive.org/web/20221025060649/https://sanda.mygroove.city/","/uploads/logo_sanda.png","city","50","","","",""
"Sant Quintí de Mediona","https://participa311-santquintiparticipa.diba.cat/","/uploads/logo_aj_santquintiparticipa.png","city","50","","","",""
"Sant Adrià de Besòs","https://participa311-santadria.diba.cat/","/uploads/logo_aj_santadriadelbesos.jpg","city","50","","","",""
"Sant Boi de Llobregat","https://web.archive.org/web/20240818185224/https://participa.santboi.cat/","/uploads/logo_aj_santboi.png","city","2","","","",""
"Sant Cugat del Vallès","https://decidim.santcugat.cat/","/uploads/logo_aj_santcugat.jpg","city","2","","","",""
"Sant Esteve Sesrovires","https://participa311-sesrovires.diba.cat/","/uploads/logo_santestevesesrovires.png","city","50","","","",""
"Institut Bernat Metge","https://decidim.institutbernatmetge.cat/users/sign_in","/uploads/logo_institutbernatmetge.jpg","org","50","","","",""
"Torelló","https://participa311-torello.diba.cat/","/uploads/logo_aj_torello.png","city","50","","","",""
"Sant Miquel de Balenyà ","https://participa311-smbalenya.diba.cat/","/uploads/logo_aj_smbalenya.png","city","50","","","",""
"Santa Eulàlia de Ronçana","https://participa311-participaser.diba.cat/","/uploads/logo_aj_santaeulaliaderoncana.png","city","50","","","",""
"Santa Coloma de Cervello","https://participa311-santacolomadecervello.diba.cat/","/uploads/logo_aj_santacolomadecervello.jpg","city","50","","","",""
"Santa Eugènia de Berga","https://participa311-santaeugeniadeberga.diba.cat/","/uploads/logo_aj_santaeugeniadeberga.jpg","city","50","","","",""
"Sant Antoni de Vilamajor","https://participa311-santantonidevilamajor.diba.cat/","/uploads/logo_aj_santantonidevilamajor.jpg","city","50","","","",""
"Santa Perpètua de Mogoda","https://participa311-santaperpetua.diba.cat/","/uploads/logo_aj_santaperpetua.jpg","city","50","","","",""
"Sant Celoni","https://participa311-santceloni.diba.cat/","/uploads/logo_aj_santceloni.jpg","city","50","","","",""
"Sant Fliu","https://participa311-santfeliu.diba.cat/","/uploads/logo_aj_santfeliu.png","city","50","","","",""
"Sant Feliu de Codines","https://participa311-santfeliudecodines.diba.cat/","/uploads/logo_aj_santfeliudecodines.jpg","city","50","","","",""
"Sant Fruitos de Bages","https://participa311-santfruitos.diba.cat/","/uploads/logo_aj_santfruitos.jpg","city","50","","","",""
"Sant Hipòlit de Voltregà","https://participa311-santhipolitdevoltrega.diba.cat/","/uploads/logo_aj_santhipolitdevoltrega.png","city","50","","","",""
"Sant Pere de Vilamajor","https://participa311-santperedevilamajor.diba.cat/","/uploads/logo_aj_santperedevilamajor.png","city","50","","","",""
"Sant Salvador de Guardiola","https://participa311-santsalvadordeguardiola.diba.cat/","/uploads/logo_aj_santsalvadordeguardiola.png","city","50","","","",""
"Sarmato","https://sarmato.partecipa.online/","/uploads/logo_sarmato.png","city","50","","","",""
"Sant Llorenç Savall","https://participa311-savall.diba.cat/","/uploads/logo_aj_savall.gif","city","50","","","",""
"Schuttrange","https://pins.schuttrange.lu/","/uploads/logo_aj_schuttrange.png","city","50","","","49.6226521","6.2682793"
"Schuttrange","https://pins.schuttrange.lu/","/uploads/logo_schetter.svg","city","50","","","",""
"Seinäjoki","https://meidan.seinajoki.fi/","/uploads/logo_aj_seinajoki.png","city","50","","","62.7931708","22.8258162"
"Pacte de les Alcaldies per al Clima i l'Energia","https://paesc-decidim.ddgi.cat/","/uploads/logo_pactealcaldiesclimaenergia.png","org","50","","","",""
"Setagaya","https://meta.diycities.jp/assemblies/hereandthere/f/405/proposals/893","/uploads/logo_setagaya.png","city","50","","","",""
"Shibuya","https://web.archive.org/web/20220511035354/https://shibuya-goodtalk.diycities.jp/","/uploads/logo_shibuya.png","city","50","","","",""
"Shinshu Good talk","https://meta.diycities.jp/assemblies/hereandthere/f/405/proposals/762","/uploads/logo_shinshu.png","city","50","","","",""
"Shirahama Engine","https://web.archive.org/web/20230308032836/https://shirahama.mygroove.city/","/uploads/logo_shirahama.png","city","50","","","",""
"Sicilia","https://web.archive.org/web/20210925212828/https://partecipa.sicilia.formez.eu/","/uploads/logo_sicilia.svg","region","50","","","",""
"Signes","https://web.archive.org/web/20240909093743/https://signes-participatif.fr/","/uploads/logo_aj_signes.jpg","city","50","","","",""
"Sigtuna","https://dialog.sigtuna.se/","/uploads/logo_aj_sigtuna.svg","city","50","","","",""
"Sitges","https://participa311-sitges.diba.cat/","/uploads/logo_aj_sitges.png","city","50","","","",""
"Sant Joan Despí","https://participa311-sjdespi.diba.cat/","/uploads/logo_aj_sjdespi.jpg","city","50","","","",""
"Smart Catalonia","https://web.archive.org/web/20221126081128/https://participa.challenge.cat/","/uploads/logo_smart_catalonia.jpg","org","50","","","",""
"Som Connexio","https://participa.somconnexio.coop/users/sign_in","/uploads/logo_somconnnexio.png","org","50","","","",""
"Som Enèrgia","https://participa.somenergia.coop","/uploads/logo_somenergia.jpg","org","96","false","","",""
"Som Mobilitat","https://decidim.sommobilitat.coop/users/sign_in?locale=es","/uploads/logo_sommobilitat.jpg","org","50","","","",""
"Sortland","https://sortland.smartbyene.no/","/uploads/logo_aj_sortland.png","city","50","","","",""
"Sostre Cívic","https://participa.sostrecivic.coop/","/uploads/logo_sostrecivic.jpg","org","50","","","",""
"Soyaux","https://web.archive.org/web/20231204133035/https://jeparticipe.soyaux.fr/","/uploads/logo_aj_soyaux.svg","city","50","","","",""
" SPF Stratégie et Appui (BOSA)","https://bosa.belgium.be/fr/services/monopinion","/uploads/logo_bosa.svg","region","80","","","",""
"Sporting Club Bastia","https://scic.sc-bastia.corsica/","/uploads/logo_sc_bastia.png","org","50","","","42.6959875","9.4520256"
"Spotter","https://decidim.spotter.cz/","/uploads/logo_spotter.png","org","50","","","",""
"Stadt Luzern","http://www.dialogluzern.ch/","/uploads/logo_luzern.png","city","80","false","","",""
"Stadt Zürich","https://mitwirken.stadt-zuerich.ch/","/uploads/medium_logo_stzh_rgb_blau_digital_gross.png","city","50","false","","",""
"Mein Zürich","https://meinquartier.zuerich/","/uploads/logo_meinquartier_pos.svg","city","2","false","","",""
"Stalowa Wola","https://decyduje.stalowawola.pl/","/uploads/logo_aj_stalowa-wola.png","city","50","","","",""
"Stavanger kommune","https://web.archive.org/web/20220820053816/https://folkebudsjett.no/","/uploads/logo_stavanger.png","city","50","false","","",""
"Steinfort","https://web.archive.org/web/20240626215004/https://mirsistengefort.steinfort.lu/","/uploads/logo_aj_steinfort.svg","city","50","","","",""
"Sukagawa","https://sukagawa.mygroove.city/","/uploads/logo_aj_sukagawa.png","city","50","","","",""
"Supsi -   Scuola universitaria professionale della Svizzera italiana","https://decidim-ensemble.supsi.ch","/uploads/logo_supsi.svg","org","50","","","",""
"Sant Vicenç dels Horts","https://participa311-svh.diba.cat/","/uploads/logo_aj_svh.png","city","50","","","",""
"Sant Vicenç de Montalt","https://participa311-svmontalt.diba.cat/","/uploads/logo_aj_svmontalt.jpg","city","50","","","",""
"Synergies, la Fabrique citoyenne","https://web.archive.org/web/20230312142125/https://synergies-fabrique-citoyenne.fr/","/uploads/logo_synergies.png","org","50","","","",""
"Sytral Mobilités","https://destinations2026-sytral.fr/","/uploads/logo_sytral.jpg","org","50","","","",""
"Sénat (FR)","https://petitions.senat.fr/","/uploads/logo_senat_fr.png","region","95","true","/uploads/logo_senat_fr_red.png","",""
"Takehara","https://web.archive.org/web/20221005075510/https://takehara.mygroove.city/","/uploads/logo_aj_takehara.png","city","50","","","",""
"Tampere","https://web.archive.org/web/20200422060140/https://mun.tampere.fi/","/uploads/logo_aj_tampere.svg","city","80","false","","",""
"Taradell","https://participa311-taradell.diba.cat/","/uploads/logo_aj_taradell.png","city","50","","","",""
"Tarragona","https://participa.tarragona.cat/","/uploads/logo_aj_tarragona.jpg","city","50","","","",""
"Tavernoles","https://participa311-tavernoles.diba.cat/","/uploads/logo_aj_tavernoles.jpg","city","50","","","",""
"Teia","https://participa311-teia.diba.cat/","/uploads/logo_aj_teia.jpg","city","50","","","",""
"Terrassa en Comú","https://web.archive.org/web/20230803124954/https://agora.terrassaencomu.cat/","/uploads/logo_terrassaencomu.png","org","50","","","",""
"Terrassa","https://participa.terrassa.cat/","/uploads/logo_aj_terrassa.jpg","city","2","","","",""
"Terres de Gauche","https://web.archive.org/web/20210801030424/http://terresdegauche.fr/","/uploads/logo_terresdegauche_lamballe.png","org","50","","","",""
"Terriotir de l'Ouest","https://moncodev.tco.re/","/uploads/logo_territori_ouest.png","region","50","","","",""
"The Alan Turing Institute","https://web.archive.org/web/20220608222340/https://advancingdatajustice.turing.ac.uk/","/uploads/logo_alan_turing_institute.png","org","50","","","",""
"The People's Budget Seattle","https://pbseattle.org/","/uploads/logo_pbseattle.png","org","50","","","",""
"Thionville","https://participons.thionville.fr/","/uploads/logo600x100.jpg","city","50","","","49.3590241","6.1663591"
"Tiana","https://participa311-tiana.diba.cat/","/uploads/logo_aj_tiana.png","city","50","","","",""
"Tona","https://participa311-tona.diba.cat/","/uploads/logo_aj_tona.png","city","50","","","",""
"Tordera","https://participa311-tordera.diba.cat/","/uploads/logo_aj_tordera.jpg","city","50","","","",""
"Torre Jussana","https://decidim.tjussana.cat","/uploads/logo_tjussana.png","org","2","","","",""
"Torrelles de Llobregat","https://web.archive.org/web/20240503032341/https://decidim.torrelles.cat/","/uploads/logo_aj_torrelles.png","city","50","","","",""
"Torroella de Montgri","https://torroella-estartit-decidim.ddgi.cat/","/uploads/logo_aj_torroella.jpg","city","50","","","",""
"Toulouse","https://jeparticipe.metropole.toulouse.fr/","/uploads/logo_aj_toulouse.svg","city","90","","","",""
"Touraine","https://participation.touraine.fr/","/uploads/logo_1.png","city","50","","","47.215848","0.2682572"
"Touraine","https://participation.jeunesse.touraine.fr","/uploads/logo_touraine.png","region","50","","","",""
"Tours","https://decidonsensemble.tours.fr/","/uploads/logo_aj_tours.png","city","50","","","",""
"Nous Sommes Montpellier","https://web.archive.org/web/20200925190308/https://participez.noussommes.org/","/uploads/logo_noussommesmontpellier.png","org","50","","","",""
"Trencin","https://web.archive.org/web/20230128104756/https://zapojsa.trencin.sk/","/uploads/logo_aj_trencin.jpg","city","50","","","",""
"Trondheim Kommune","https://borgerkraft.no/","/uploads/logo_trondheim.svg","city","70","false","","",""
"Turku","https://asukasbudjetti.turku.fi/","/uploads/logo_aj_turku.png","city","50","false","","",""
"Tuusula","https://osallistu.tuusula.fi/","/uploads/logo_aj_tuusula.png","city","2","","","",""
"Tysver Kommune","https://tysver.smartbyene.no/","/uploads/logo_aj_tysvaer.png","city","50","","","",""
"Uccle","https://uccle.monopinion.belgium.be/","/uploads/logo_aj_uccle.png","city","2","","","",""
"UCLG CGLU - United Cities and Local Governments","https://www.uclgmeets.org/","/uploads/logo_uclg.png","org","50","","","",""
"UNED","https://participa.uned.es","/uploads/logo-uned.png","university","90","false","/uploads/logo-uned-red.png","",""
"Universitat de Barcelona","https://participa.ub.edu/","/uploads/marca_pos.jpg","university","20","","","41.3941799","2.1716348"
"Universitat Oberta de Catalunya","https://web.archive.org/web/20220418021642/https://decidim.uoc.edu/users/sign_in","/uploads/logo_uoc.png","university","40","false","","",""
"Universitat Politecnica de Catalunya","https://decidim.upc.edu/","/uploads/logo_upc.svg","university","50","","","",""
"Université de Bordeaux","https://participation.u-bordeaux.fr/","/uploads/logo_uni_bordeaux.svg","university","70","true","/uploads/logo_uni_bordeaux_red.png","",""
"Université de Caen Normandie","https://jeparticipe.unicaen.fr/","/uploads/logo_unicaen.png","university","50","","","",""
"Université de Lille","https://web.archive.org/web/20230321135155/https://grandplace.universitedelille2022.fr/","/uploads/logo_universite_lille.png","university","50","","","",""
"UPEC (Université Paris-Est Créteil)","https://decidim.u-pec.fr/","/uploads/logo_upec.svg","university","50","","","",""
"Urban Mobility","https://engage.eiturbanmobility.eu/","/uploads/logo_urban_mobility.png","org","50","","","",""
"Vacarisses","https://participa311-vacarisses.diba.cat","/uploads/logo_aj_vacarisses.jpg","city","50","","","",""
"Val de Marne","https://participer.valdemarne.fr/","/uploads/logo_valdemarne.png","region","50","","","",""
"Valbonne Sophia Antipolis","https://participons.ville-valbonne.fr/","/uploads/logo_ville_valbonne.jpg","city","50","","","",""
"Seignosse","https://web.archive.org/web/20230529124639/https://participez.seignosse.fr/","/uploads/logo_aj_seignosse.png","city","50","","","",""
"Vallirana","https://participa311-vallirana.diba.cat/","/uploads/logo_aj_vallirana.png","city","50","","","",""
"Vantaa","https://web.archive.org/web/20210620093117/https://osallistu.vantaa.fi/","/uploads/logo_aj_vantaa.png","city","50","","","",""
"Veracruz","http://decide.veracruzmunicipio.gob.mx/","/uploads/logo_aj_veracruz.jpg","city","2","","","",""
"Verrières-le-Buisson","https://www.participons-a-verrieres.fr/","/uploads/logo_aj_verrieres_le_buisson.png","city","50","","","",""
"Vic","https://participa311-vic.diba.cat/","/uploads/logo_aj_vic.jpg","city","50","","","",""
"Vignola","https://partecipa.comune.vignola.mo.it/","/uploads/logo_vignola.png","city","50","","","",""
"Viladecans","https://participa311-viladecans.diba.cat","/uploads/logo_aj_viladecans.jpg","city","50","","","",""
"Vilanova i la Geltrú","http://participa.vilanova.cat","/uploads/logo_aj_vilanova.png","city","2","","","",""
"Vilanova del Valles","https://participa311-vilanovadelvalles.diba.cat/","/uploads/logo_aj_vilanovadelvalles.png","city","50","","","",""
"Villani","https://web.archive.org/web/20210410215223/https://candidater.cedricvillani.paris/","/uploads/logo_villani_paris.png","org","50","","","",""
"Ville de Bouscat","https://www.jeparticipe-bouscat.fr/","/uploads/logo_aj_bouscat.jpg","city","50","","","",""
"Ville de Lausanne","https://participer.lausanne.ch/","/uploads/logo_aj_ville_lausanne.png","city","40","false","","",""
"Ville de Namur","https://monopinion.namur.be","/uploads/logo-partenaire-namur-capitale-350x281.png","city","50","","","50.4658824","4.8658519"
"Ville de Nancy","https://participez.nancy.fr/","/uploads/logo_aj_nancy.png","city","2","","","",""
"Ville de Neuchâtel","https://participons.ch","/uploads/logo_aj_nauchatel.png","city","50","","","46.9840482","6.906557"
"Ville de Périgueux","https://participez.perigueux.fr/","/uploads/logo_aj_perigueux.svg","city","50","","","44.9962461","0.1294104"
"Ville Roubaix","https://budgetparticipatif.ville-roubaix.fr/","/uploads/logo_aj_roubaix.jpeg","city","2","","","",""
"Villejuif","https://jeparticipe.villejuif.fr/","/uploads/logo_aj_villejuif.png","city","50","","","",""
"Villeurbanne","https://participez.villeurbanne.fr/","/uploads/logo_aj_villeurbanne.svg","city","50","","","",""
"Visc Andorra","https://processos.visc.ad/","/uploads/logo_andorra.jpg","region","70","false","","",""
"voca","https://voca.city/","/uploads/logo_voca_city.png","org","50","","","",""
"Bithabitat","https://decidim.bithabitat.barcelona/","/uploads/logo_bithabitat.png","org","50","","","",""
"Waterloo","https://web.archive.org/web/20230608082933/https://waterloo.monopinion.belgium.be/","/uploads/logo_aj_waterloo.png","city","2","","","",""
"Xarxa d'economia solidaria de Catalunya","https://decidim.xes.cat/","/uploads/logo_xes.png","org","50","","","",""
"Yosano","https://meta.diycities.jp/assemblies/hereandthere/f/405/proposals/396","/uploads/logo_yosano.png","city","50","","","35.5574184","135.1473156"
"Associació Pla Estratègic Metropolità de Barcelona (PEMB)","https://barcelonadema-participa.cat","/uploads/logo_pemb.png","org","50","","","41.4275103","2.1832061"
"Zukunftsprozess","https://web.archive.org/web/20221205094218/https://www.zukunftsprozess.de/","/uploads/verkurzt_normal_zukunftsprozess_rgb.svg","org","2","false","/uploads/verkurzt_normal_zukunftsprozess_rgb.svg","52.3701828","9.7217706"
